{"cameraMode":{"drawMode":0,"name":"Shaded","section":"Shading Mode"},"sceneLighting":false,"audioPlay":false,"sceneViewState":{"m_AlwaysRefresh":false,"showFog":true,"showSkybox":false,"showFlares":true,"showImageEffects":true,"showParticleSystems":true,"showVisualEffectGraphs":true,"m_FxEnabled":true},"in2DMode":false,"pivot":{"x":-0.4848334789276123,"y":0.7721964120864868,"z":0.2547774314880371},"rotation":{"x":-0.05174269154667854,"y":-0.9252178072929382,"z":0.1367206871509552,"w":-0.35015031695365908},"size":1.4705110788345338,"orthographic":false}