{"cameraMode":{"drawMode":0,"name":"Shaded","section":"Shading Mode"},"sceneLighting":false,"audioPlay":false,"sceneViewState":{"m_AlwaysRefresh":false,"showFog":true,"showSkybox":false,"showFlares":true,"showImageEffects":true,"showParticleSystems":true,"showVisualEffectGraphs":true,"m_FxEnabled":true},"in2DMode":false,"pivot":{"x":-0.04256386309862137,"y":1.1689364910125733,"z":-0.05157345533370972},"rotation":{"x":-0.005801532417535782,"y":0.9927079677581787,"z":-0.10794251412153244,"w":-0.053359173238277438},"size":2.5055692195892336,"orthographic":false}